汉字	音训
亜	ア
哀	アイ
哀	あわれ
哀	あわれむ
愛	アイ
悪	アク
悪	オ
悪	わるい
握	アク
握	にぎる
圧	アツ
扱	あつかう
安	アン
安	やすい
案	アン
暗	アン
暗	くらい
以	イ
衣	イ
衣	ころも
位	イ
位	くらい
囲	イ
囲	かこむ
囲	かこう
医	イ
依	イ
依	エ
委	イ
威	イ
胃	イ
為	イ
尉	イ
異	イ
異	こと
移	イ
移	うつる
移	うつす
偉	イ
偉	えらい
意	イ
違	イ
違	ちがう
違	ちがえる
維	イ
慰	イ
慰	なぐさめる
慰	なぐさむ
遺	イ
遺	ユイ
緯	イ
域	イキ
育	イク
育	そだつ
育	そだてる
一	イチ
一	イツ
一	ひと
一	ひとつ
壱	イチ
逸	イツ
芋	いも
引	イン
引	ひく
引	ひける
印	イン
印	しるし
因	イン
因	よる
姻	イン
員	イン
院	イン
陰	イン
陰	かげ
陰	かげる
飲	イン
飲	のむ
隠	イン
隠	かくす
隠	かくれる
韻	イン
右	ウ
右	ユウ
右	みぎ
宇	ウ
羽	ウ
羽	は
羽	はね
雨	ウ
雨	あめ
雨	あま
運	ウン
運	はこぶ
雲	ウン
雲	くも
永	エイ
永	ながい
泳	エイ
泳	およぐ
英	エイ
映	エイ
映	うつる
映	うつす
映	はえる
栄	エイ
栄	さかえる
栄	はえ
栄	はえる
営	エイ
営	いとなむ
詠	エイ
詠	よむ
影	エイ
影	かげ
鋭	エイ
鋭	するどい
衛	エイ
易	エキ
易	イ
易	やさしい
疫	エキ
疫	ヤク
益	エキ
益	ヤク
液	エキ
駅	エキ
悦	エツ
越	エツ
越	こす
越	こえる
謁	エツ
閲	エツ
円	エン
円	まるい
延	エン
延	のびる
延	のべる
延	のばす
沿	エン
沿	そう
炎	エン
炎	ほのお
宴	エン
援	エン
園	エン
園	その
煙	エン
煙	けむる
煙	けむり
煙	けむい
猿	エン
猿	さる
遠	エン
遠	オン
遠	とおい
鉛	エン
鉛	なまり
塩	エン
塩	しお
演	エン
縁	エン
縁	ふち
汚	オ
汚	けがす
汚	けがれる
汚	けがらわしい
汚	よごす
汚	よごれる
汚	きたない
王	オウ
凹	オウ
央	オウ
応	オウ
往	オウ
押	オウ
押	おす
押	おさえる
欧	オウ
殴	オウ
殴	なぐる
桜	オウ
桜	さくら
翁	オウ
奥	オウ
奥	おく
横	オウ
横	よこ
屋	オク
屋	や
億	オク
憶	オク
虞	おそれ
乙	オツ
卸	おろす
卸	おろし
音	オン
音	イン
音	おと
音	ね
恩	オン
温	オン
温	あたたか
温	あたたかい
温	あたたまる
温	あたためる
穏	オン
穏	おだやか
下	カ
下	ゲ
下	した
下	しも
下	もと
下	さげる
下	さがる
下	くだる
下	くだす
下	くださる
下	おろす
下	おりる
化	カ
化	ケ
化	ばける
化	ばかす
火	カ
火	ひ
火	ほ
加	カ
加	くわえる
加	くわわる
可	カ
仮	カ
仮	ケ
仮	かり
何	カ
何	なに
何	なん
花	カ
花	はな
佳	カ
価	カ
価	あたい
果	カ
果	はたす
果	はてる
果	はて
河	カ
河	かわ
科	カ
架	カ
架	かける
架	かかる
夏	カ
夏	ゲ
夏	なつ
家	カ
家	ケ
家	いえ
家	や
荷	カ
荷	に
華	カ
華	ケ
華	はな
菓	カ
貨	カ
渦	カ
渦	うず
過	カ
過	すぎる
過	すごす
過	あやまつ
過	あやまち
嫁	カ
嫁	よめ
嫁	とつぐ
暇	カ
暇	ひま
禍	カ
靴	カ
靴	くつ
寡	カ
歌	カ
歌	うた
歌	うたう
箇	カ
稼	カ
稼	かせぐ
課	カ
蚊	か
我	ガ
我	われ
我	わ
画	ガ
画	カク
芽	ガ
芽	め
賀	ガ
雅	ガ
餓	ガ
介	カイ
回	カイ
回	エ
回	まわる
回	まわす
灰	カイ
灰	はい
会	カイ
会	エ
会	あう
快	カイ
快	こころよ
い
戒	カイ
戒	いましめる
改	カイ
改	あらためる
改	あらたまる
怪	カイ
怪	あやしい
怪	あやしむ
拐	カイ
悔	カイ
悔	くいる
悔	くやむ
悔	くやしい
海	カイ
海	うみ
界	カイ
皆	カイ
皆	みな
械	カイ
絵	カイ
絵	エ
開	カイ
開	ひらく
開	ひらける
開	あく
開	あける
階	カイ
解	カイ
解	ゲ
解	とく
解	とかす
解	とける
塊	カイ
塊	かたまり
壊	カイ
壊	こわす
壊	こわれる
懐	カイ
懐	ふところ
懐	なつかしい
懐	なつかしむ
懐	なつく
懐	なつける
貝	かい
外	ガイ
外	ゲ
外	そと
外	ほか
外	はずす
外	はずれる
劾	ガイ
害	ガイ
涯	ガイ
街	ガイ
街	カイ
街	まち
慨	ガイ
該	ガイ
概	ガイ
垣	かき
各	カク
各	おのおの
角	カク
角	かど
角	つの
拡	カク
革	カク
革	かわ
格	カク
格	コウ
核	カク
殻	カク
殻	から
郭	カク
覚	カク
覚	おぼえる
覚	さます
覚	さめる
較	カク
隔	カク
隔	へだてる
隔	へだたる
閣	カク
確	カク
確	たしか
確	たしかめる
獲	カク
獲	える
嚇	カク
穫	カク
学	ガク
学	まなぶ
岳	ガク
岳	たけ
楽	ガク
楽	ラク
楽	たのしい
楽	たのしむ
額	ガク
額	ひたい
掛	かける
掛	かかる
掛	かかり
潟	かた
括	カツ
活	カツ
喝	カツ
渇	カツ
渇	かわく
割	カツ
割	わる
割	わり
割	われる
割	さく
滑	カツ
滑	すべる
滑	なめらか
褐	カツ
轄	カツ
且	かつ
株	かぶ
刈	かる
干	カン
干	ほす
干	ひる
刊	カン
甘	カン
甘	あまい
甘	あまえる
甘	あまやかす
汗	カン
汗	あせ
缶	カン
完	カン
肝	カン
肝	きも
官	カン
冠	カン
冠	かんむり
巻	カン
巻	まく
巻	まき
看	カン
陥	カン
陥	おちいる
陥	おとしいれる
乾	カン
乾	かわく
乾	かわかす
勘	カン
患	カン
患	わずらう
貫	カン
貫	つらぬく
寒	カン
寒	さむい
喚	カン
堪	カン
堪	たえる
換	カン
換	かえる
換	かわる
敢	カン
棺	カン
款	カン
間	カン
間	ケン
間	あいだ
間	ま
閑	カン
勧	カン
勧	すすめる
寛	カン
幹	カン
幹	みき
感	カン
漢	カン
慣	カン
慣	なれる
慣	ならす
管	カン
管	くだ
関	カン
関	せき
歓	カン
監	カン
緩	カン
緩	ゆるい
緩	ゆるやか
緩	ゆるむ
緩	ゆるめる
憾	カン
還	カン
館	カン
環	カン
簡	カン
観	カン
艦	カン
鑑	カン
丸	ガン
丸	まる
丸	まるい
丸	まるめる
含	ガン
含	ふくむ
含	ふくめる
岸	ガン
岸	きし
岩	ガン
岩	いわ
眼	ガン
眼	ゲン
眼	まなこ
頑	ガン
顔	ガン
顔	かお
願	ガン
願	ねがう
企	キ
企	くわだてる
危	キ
危	あぶない
危	あやうい
危	あやぶむ
机	キ
机	つくえ
気	キ
気	ケ
岐	キ
希	キ
忌	キ
忌	いむ
忌	いまわしい
汽	キ
奇	キ
祈	キ
祈	いのる
季	キ
紀	キ
軌	キ
既	キ
既	すでに
記	キ
記	しるす
起	キ
起	おきる
起	おこる
起	おこす
飢	キ
飢	うえる
鬼	キ
鬼	おに
帰	キ
帰	かえる
帰	かえす
基	キ
基	もと
基	もとい
寄	キ
寄	よる
寄	よせる
規	キ
喜	キ
喜	よろこぶ
幾	キ
幾	いく
揮	キ
期	キ
期	ゴ
棋	キ
貴	キ
貴	たっとい
貴	とうとい
貴	たっとぶ
貴	とうとぶ
棄	キ
旗	キ
旗	はた
器	キ
器	うつわ
輝	キ
輝	かがやく
機	キ
機	はた
騎	キ
技	ギ
技	わざ
宜	ギ
偽	ギ
偽	いつわる
偽	にせ
欺	ギ
欺	あざむく
義	ギ
疑	ギ
疑	うたがう
儀	ギ
戯	ギ
戯	たわむれる
擬	ギ
犠	ギ
議	ギ
菊	キク
吉	キチ
吉	キツ
喫	キツ
詰	キツ
詰	つめる
詰	つまる
詰	つむ
却	キャク
客	キャク
客	カク
脚	キャク
脚	キャ
脚	あし
逆	ギャク
逆	さか
逆	さからう
虐	ギャク
虐	しいたげる
九	キュウ
九	ク
九	ここの
九	ここのつ
久	キュウ
久	ク
久	ひさしい
及	キュウ
及	およぶ
及	および
及	およぼす
弓	キュウ
弓	ゆみ
丘	キュウ
丘	おか
旧	キュウ
休	キュウ
休	やすむ
休	やすまる
休	やすめる
吸	キュウ
吸	すう
朽	キュウ
朽	くちる
求	キュウ
求	もとめる
究	キュウ
究	きわめる
泣	キュウ
泣	なく
急	キュウ
急	いそぐ
級	キュウ
糾	キュウ
宮	キュウ
宮	グウ
宮	ク
宮	みや
救	キュウ
救	すくう
球	キュウ
球	たま
給	キュウ
窮	キュウ
窮	きわめる
窮	きわまる
牛	ギュウ
牛	うし
去	キョ
去	コ
去	さる
巨	キョ
居	キョ
居	いる
拒	キョ
拒	こばむ
拠	キョ
拠	コ
挙	キョ
挙	あげる
挙	あがる
虚	キョ
虚	コ
許	キョ
許	ゆるす
距	キョ
魚	ギョ
魚	うお
魚	さかな
御	ギョ
御	ゴ
御	おん
漁	ギョ
漁	リョウ
凶	キョウ
共	キョウ
共	とも
叫	キョウ
叫	さけぶ
狂	キョウ
狂	くるう
狂	くるおしい
京	キョウ
京	ケイ
享	キョウ
供	キョウ
供	ク
供	そなえる
供	とも
協	キョウ
況	キョウ
峡	キョウ
挟	キョウ
挟	はさむ
挟	はさまる
狭	キョウ
狭	せまい
狭	せばめる
狭	せばまる
恐	キョウ
恐	おそれる
恐	おそろしい
恭	キョウ
恭	うやうやしい
胸	キョウ
胸	むね
胸	むな
脅	キョウ
脅	おびやかす
脅	おどす
脅	おどかす
強	キョウ
強	ゴウ
強	つよい
強	つよまる
強	つよめる
強	しいる
教	キョウ
教	おしえる
教	おそわる
郷	キョウ
郷	ゴウ
境	キョウ
境	ケイ
境	さかい
橋	キョウ
橋	はし
矯	キョウ
矯	ためる
鏡	キョウ
鏡	かがみ
競	キョウ
競	ケイ
競	きそう
競	せる
響	キョウ
響	ひびく
驚	キョウ
驚	おどろく
驚	おどろかす
仰	ギョウ
仰	コウ
仰	あおぐ
仰	おおせ
暁	ギョウ
暁	あかつき
業	ギョウ
業	ゴウ
業	わざ
凝	ギョウ
凝	こる
凝	こらす
曲	キョク
曲	まがる
曲	まげる
局	キョク
極	キョク
極	ゴク
極	きわめる
極	きわまる
極	きわみ
玉	ギョク
玉	たま
斤	キン
均	キン
近	キン
近	ちかい
金	キン
金	コン
金	かね
金	かな
菌	キン
勤	キン
勤	ゴン
勤	つとめる
勤	つとまる
琴	キン
琴	こと
筋	キン
筋	すじ
禁	キン
緊	キン
謹	キン
謹	つつしむ
襟	キン
襟	えり
吟	ギン
銀	ギン
区	ク
句	ク
苦	ク
苦	くるしい
苦	くるしむ
苦	くるしめる
苦	にがい
苦	にがる
駆	ク
駆	かける
駆	かる
具	グ
愚	グ
愚	おろか
空	クウ
空	そら
空	あく
空	あける
空	から
偶	グウ
遇	グウ
隅	グウ
隅	すみ
屈	クツ
掘	クツ
掘	ほる
繰	くる
君	クン
君	きみ
訓	クン
勲	クン
薫	クン
薫	かおる
軍	グン
郡	グン
群	グン
群	むれる
群	むれ
群	むら
兄	ケイ
兄	キョウ
兄	あに
刑	ケイ
形	ケイ
形	ギョウ
形	かた
形	かたち
系	ケイ
径	ケイ
茎	ケイ
茎	くき
係	ケイ
係	かかる
係	かかり
型	ケイ
型	かた
契	ケイ
契	ちぎる
計	ケイ
計	はかる
計	はからう
恵	ケイ
恵	エ
恵	めぐむ
啓	ケイ
掲	ケイ
掲	かかげる
渓	ケイ
経	ケイ
経	キョウ
経	へる
蛍	ケイ
蛍	ほたる
敬	ケイ
敬	うやまう
景	ケイ
軽	ケイ
軽	かるい
軽	かろやか
傾	ケイ
傾	かたむく
傾	かたむける
携	ケイ
携	たずさえる
携	たずさわる
継	ケイ
継	つぐ
慶	ケイ
憩	ケイ
憩	いこい
憩	いこう
警	ケイ
鶏	ケイ
鶏	にわとり
芸	ゲイ
迎	ゲイ
迎	むかえる
鯨	ゲイ
鯨	くじら
劇	ゲキ
撃	ゲキ
撃	うつ
激	ゲキ
激	はげしい
欠	ケツ
欠	かける
欠	かく
穴	ケツ
穴	あな
血	ケツ
血	ち
決	ケツ
決	きめる
決	きまる
結	ケツ
結	むすぶ
結	ゆう
結	ゆわえる
傑	ケツ
潔	ケツ
潔	いさぎよい
月	ゲツ
月	ガツ
月	つき
犬	ケン
犬	いぬ
件	ケン
見	ケン
見	みる
見	みえる
見	みせる
券	ケン
肩	ケン
肩	かた
建	ケン
建	コン
建	たてる
建	たつ
研	ケン
研	とぐ
県	ケン
倹	ケン
兼	ケン
兼	かねる
剣	ケン
剣	つるぎ
軒	ケン
軒	のき
健	ケン
健	すこやか
険	ケン
険	けわしい
圏	ケン
堅	ケン
堅	かたい
検	ケン
嫌	ケン
嫌	ゲン
嫌	きらう
嫌	いや
献	ケン
献	コン
絹	ケン
絹	きぬ
遣	ケン
遣	つかう
遣	つかわす
権	ケン
権	ゴン
憲	ケン
賢	ケン
賢	かしこい
謙	ケン
繭	ケン
繭	まゆ
顕	ケン
験	ケン
験	ゲン
懸	ケン
懸	ケ
懸	かける
懸	かかる
元	ゲン
元	ガン
元	もと
幻	ゲン
幻	まぼろし
玄	ゲン
言	ゲン
言	ゴン
言	いう
言	こと
弦	ゲン
弦	つる
限	ゲン
限	かぎる
原	ゲン
原	はら
現	ゲン
現	あらわれる
現	あらわす
減	ゲン
減	へる
減	へらす
源	ゲン
源	みなもと
厳	ゲン
厳	ゴン
厳	おごそか
厳	きびしい
己	コ
己	キ
己	おのれ
戸	コ
戸	と
古	コ
古	ふるい
古	ふるす
呼	コ
呼	よぶ
固	コ
固	かためる
固	かたまる
固	かたい
孤	コ
弧	コ
故	コ
故	ゆえ
枯	コ
枯	かれる
枯	からす
個	コ
庫	コ
庫	ク
湖	コ
湖	みずうみ
雇	コ
雇	やとう
誇	コ
誇	ほこる
鼓	コ
鼓	つづみ
顧	コ
顧	かえりみる
五	ゴ
五	いつ
五	いつつ
互	ゴ
互	たがい
午	ゴ
呉	ゴ
後	ゴ
後	コウ
後	のち
後	うしろ
後	あと
後	おくれる
娯	ゴ
悟	ゴ
悟	さとる
碁	ゴ
語	ゴ
語	かたる
語	かたらう
誤	ゴ
誤	あやまる
護	ゴ
口	コウ
口	ク
口	くち
工	コウ
工	ク
公	コウ
公	おおやけ
孔	コウ
功	コウ
功	ク
巧	コウ
巧	たくみ
広	コウ
広	ひろい
広	ひろまる
広	ひろめる
広	ひろがる
広	ひろげる
甲	コウ
甲	カン
交	コウ
交	まじわる
交	まじえる
交	まじる
交	まざる
交	まぜる
交	かう
交	かわす
光	コウ
光	ひかる
光	ひかり
向	コウ
向	むく
向	むける
向	むかう
向	むこう
后	コウ
好	コウ
好	このむ
好	すく
江	コウ
江	え
考	コウ
考	かんがえる
行	コウ
行	ギョウ
行	アン
行	いく
行	ゆく
行	おこなう
坑	コウ
孝	コウ
抗	コウ
攻	コウ
攻	せめる
更	コウ
更	さら
更	ふける
更	ふかす
効	コウ
効	きく
幸	コウ
幸	さいわい
幸	さち
幸	しあわせ
拘	コウ
肯	コウ
侯	コウ
厚	コウ
厚	あつい
恒	コウ
洪	コウ
皇	コウ
皇	オウ
紅	コウ
紅	ク
紅	べに
紅	くれない
荒	コウ
荒	あらい
荒	あれる
荒	あらす
郊	コウ
香	コウ
香	キョウ
香	か
香	かおり
香	かおる
候	コウ
候	そうろう
校	コウ
耕	コウ
耕	たがやす
航	コウ
貢	コウ
貢	ク
貢	みつぐ
降	コウ
降	おりる
降	おろす
降	ふる
高	コウ
高	たかい
高	たか
高	たかまる
高	たかめる
康	コウ
控	コウ
控	ひかえる
黄	コウ
黄	オウ
黄	き
黄	こ
慌	コウ
慌	あわてる
慌	あわただしい
港	コウ
港	みなと
硬	コウ
硬	かたい
絞	コウ
絞	しぼる
絞	しめる
絞	しまる
項	コウ
溝	コウ
溝	みぞ
鉱	コウ
構	コウ
構	かまえる
構	かまう
綱	コウ
綱	つな
酵	コウ
稿	コウ
興	コウ
興	キョウ
興	おこる
興	おこす
衡	コウ
鋼	コウ
鋼	はがね
講	コウ
購	コウ
号	ゴウ
合	ゴウ
合	ガッ
合	カッ
合	あう
合	あわす
合	あわせる
拷	ゴウ
剛	ゴウ
豪	ゴウ
克	コク
告	コク
告	つげる
谷	コク
谷	たに
刻	コク
刻	きざむ
国	コク
国	くに
黒	コク
黒	くろ
黒	くろい
穀	コク
酷	コク
獄	ゴク
骨	コツ
骨	ほね
込	こむ
込	こめる
今	コン
今	キン
今	いま
困	コン
困	こまる
昆	コン
恨	コン
恨	うらむ
恨	うらめしい
根	コン
根	ね
婚	コン
混	コン
混	まじる
混	まざる
混	まぜる
紺	コン
魂	コン
魂	たましい
墾	コン
懇	コン
懇	ねんごろ
左	サ
左	ひだり
佐	サ
査	サ
砂	サ
砂	シャ
砂	すな
唆	サ
唆	そそのかす
差	サ
差	さす
詐	サ
鎖	サ
鎖	くさり
座	ザ
座	すわる
才	サイ
再	サイ
再	サ
再	ふたたび
災	サイ
災	わざわい
妻	サイ
妻	つま
砕	サイ
砕	くだく
砕	くだける
宰	サイ
栽	サイ
彩	サイ
彩	いろどる
採	サイ
採	とる
済	サイ
済	すむ
済	すます
祭	サイ
祭	まつる
祭	まつり
斎	サイ
細	サイ
細	ほそい
細	ほそる
細	こまか
細	こまかい
菜	サイ
菜	な
最	サイ
最	もっとも
裁	サイ
裁	たつ
裁	さばく
債	サイ
催	サイ
催	もよおす
歳	サイ
歳	セイ
載	サイ
載	のせる
載	のる
際	サイ
際	きわ
在	ザイ
在	ある
材	ザイ
剤	ザイ
財	ザイ
財	サイ
罪	ザイ
罪	つみ
崎	さき
作	サク
作	サ
作	つくる
削	サク
削	けずる
昨	サク
索	サク
策	サク
酢	サク
酢	す
搾	サク
搾	しぼる
錯	サク
咲	さく
冊	サツ
冊	サク
札	サツ
札	ふだ
刷	サツ
刷	する
殺	サツ
殺	サイ
殺	セツ
殺	ころす
察	サツ
撮	サツ
撮	とる
擦	サツ
擦	する
擦	すれる
雑	ザツ
雑	ゾウ
皿	さら
三	サン
三	み
三	みつ
三	みっつ
山	サン
山	やま
参	サン
参	まいる
桟	サン
蚕	サン
蚕	かいこ
惨	サン
惨	ザン
惨	みじめ
産	サン
産	うむ
産	うまれる
産	うぶ
傘	サン
傘	かさ
散	サン
散	ちる
散	ちらす
散	ちらかす
散	ちらかる
算	サン
酸	サン
酸	すい
賛	サン
残	ザン
残	のこる
残	のこす
暫	ザン
士	シ
子	シ
子	ス
子	こ
支	シ
支	ささえる
止	シ
止	とまる
止	とめる
氏	シ
氏	うじ
仕	シ
仕	ジ
仕	つかえる
史	シ
司	シ
四	シ
四	よ
四	よつ
四	よっつ
四	よん
市	シ
市	いち
矢	シ
矢	や
旨	シ
旨	むね
死	シ
死	しぬ
糸	シ
糸	いと
至	シ
至	いたる
伺	シ
伺	うかがう
志	シ
志	こころざす
志	こころざし
私	シ
私	わたくし
使	シ
使	つかう
刺	シ
刺	さす
刺	ささる
始	シ
始	はじめる
始	はじまる
姉	シ
姉	あね
枝	シ
枝	えだ
祉	シ
肢	シ
姿	シ
姿	すがた
思	シ
思	おもう
指	シ
指	ゆび
指	さす
施	シ
施	セ
施	ほどこす
師	シ
紙	シ
紙	かみ
脂	シ
脂	あぶら
視	シ
紫	シ
紫	むらさき
詞	シ
歯	シ
歯	は
嗣	シ
試	シ
試	こころみる
試	ためす
詩	シ
資	シ
飼	シ
飼	かう
誌	シ
雌	シ
雌	め
雌	めす
賜	シ
賜	たまわる
諮	シ
諮	はかる
示	ジ
示	シ
示	しめす
字	ジ
字	あざ
寺	ジ
寺	てら
次	ジ
次	シ
次	つぐ
次	つぎ
耳	ジ
耳	みみ
自	ジ
自	シ
自	みずから
似	ジ
似	にる
児	ジ
児	ニ
事	ジ
事	ズ
事	こと
侍	ジ
侍	さむらい
治	ジ
治	チ
治	おさめる
治	おさまる
治	なおる
治	なおす
持	ジ
持	もつ
時	ジ
時	とき
滋	ジ
慈	ジ
慈	いつくしむ
辞	ジ
辞	やめる
磁	ジ
璽	ジ
式	シキ
識	シキ
軸	ジク
七	シチ
七	なな
七	ななつ
七	なの
失	シツ
失	うしなう
室	シツ
室	むろ
疾	シツ
執	シツ
執	シュウ
執	とる
湿	シツ
湿	しめる
湿	しめす
漆	シツ
漆	うるし
質	シツ
質	シチ
質	チ
実	ジツ
実	み
実	みのる
芝	しば
写	シャ
写	うつす
写	うつる
社	シャ
社	やしろ
車	シャ
車	くるま
舎	シャ
者	シャ
者	もの
射	シャ
射	いる
捨	シャ
捨	すてる
赦	シャ
斜	シャ
斜	ななめ
煮	シャ
煮	にる
煮	にえる
煮	にやす
遮	シャ
遮	さえぎる
謝	シャ
謝	あやまる
邪	ジャ
蛇	ジャ
蛇	ダ
蛇	へび
勺	シャク
尺	シャク
借	シャク
借	かりる
酌	シャク
酌	くむ
釈	シャク
爵	シャク
若	ジャク
若	ニャク
若	わかい
若	もしくは
弱	ジャク
弱	よわい
弱	よわる
弱	よわまる
弱	よわめる
寂	ジャク
寂	セキ
寂	さび
寂	さびしい
寂	さびれる
手	シュ
手	て
手	た
主	シュ
主	ス
主	ぬし
主	おも
守	シュ
守	ス
守	まもる
守	もり
朱	シュ
取	シュ
取	とる
狩	シュ
狩	かる
狩	かり
首	シュ
首	くび
殊	シュ
殊	こと
珠	シュ
酒	シュ
酒	さけ
酒	さか
種	シュ
種	たね
趣	シュ
趣	おもむき
寿	ジュ
寿	ことぶき
受	ジュ
受	うける
受	うかる
授	ジュ
授	さずける
授	さずかる
需	ジュ
儒	ジュ
樹	ジュ
収	シュウ
収	おさめる
収	おさまる
囚	シュウ
州	シュウ
州	す
舟	シュウ
舟	ふね
舟	ふな
秀	シュウ
秀	ひいでる
周	シュウ
周	まわり
宗	シュウ
宗	ソウ
拾	シュウ
拾	ジュウ
拾	ひろう
秋	シュウ
秋	あき
臭	シュウ
臭	くさい
修	シュウ
修	シュ
修	おさめる
修	おさまる
終	シュウ
終	おわる
終	おえる
習	シュウ
習	ならう
週	シュウ
就	シュウ
就	ジュ
就	つく
就	つける
衆	シュウ
衆	シュ
集	シュウ
集	あつまる
集	あつめる
集	つどう
愁	シュウ
愁	うれえる
愁	うれい
酬	シュウ
醜	シュウ
醜	みにくい
襲	シュウ
襲	おそう
十	ジュウ
十	ジッ
十	とお
十	と
汁	ジュウ
汁	しる
充	ジュウ
充	あてる
住	ジュウ
住	すむ
住	すまう
柔	ジュウ
柔	ニュウ
柔	やわらか
柔	やわらかい
重	ジュウ
重	チョウ
重	え
重	おもい
重	かさねる
重	かさなる
従	ジュウ
従	ショウ
従	ジュ
従	したがう
従	したがえる
渋	ジュウ
渋	しぶ
渋	しぶい
渋	しぶる
銃	ジュウ
獣	ジュウ
獣	けもの
縦	ジュウ
縦	たて
叔	シュク
祝	シュク
祝	シュウ
祝	いわう
宿	シュク
宿	やど
宿	やどる
宿	やどす
淑	シュク
粛	シュク
縮	シュク
縮	ちぢむ
縮	ちぢまる
縮	ちぢめる
縮	ちぢれる
縮	ちぢらす
塾	ジュク
熟	ジュク
熟	うれる
出	シュツ
出	スイ
出	でる
出	だす
述	ジュツ
述	のべる
術	ジュツ
俊	シュン
春	シュン
春	はる
瞬	シュン
瞬	またたく
旬	ジュン
巡	ジュン
巡	めぐる
盾	ジュン
盾	たて
准	ジュン
殉	ジュン
純	ジュン
循	ジュン
順	ジュン
準	ジュン
潤	ジュン
潤	うるおう
潤	うるおす
潤	うるむ
遵	ジュン
処	ショ
初	ショ
初	はじめ
初	はじめて
初	はつ
初	うい
初	そめる
所	ショ
所	ところ
書	ショ
書	かく
庶	ショ
暑	ショ
暑	あつい
署	ショ
緒	ショ
緒	チョ
緒	お
諸	ショ
女	ジョ
女	ニョ
女	ニョウ
女	おんな
女	め
如	ジョ
如	ニョ
助	ジョ
助	たすける
助	たすかる
助	すけ
序	ジョ
叙	ジョ
徐	ジョ
除	ジョ
除	ジ
除	のぞく
小	ショウ
小	ちいさい
小	こ
小	お
升	ショウ
升	ます
少	ショウ
少	すくない
少	すこし
召	ショウ
召	めす
匠	ショウ
床	ショウ
床	とこ
床	ゆか
抄	ショウ
肖	ショウ
尚	ショウ
招	ショウ
招	まねく
承	ショウ
承	うけたまわる
昇	ショウ
昇	のぼる
松	ショウ
松	まつ
沼	ショウ
沼	ぬま
昭	ショウ
宵	ショウ
宵	よい
将	ショウ
消	ショウ
消	きえる
消	けす
症	ショウ
祥	ショウ
称	ショウ
笑	ショウ
笑	わらう
笑	えむ
唱	ショウ
唱	となえる
商	ショウ
商	あきなう
渉	ショウ
章	ショウ
紹	ショウ
訟	ショウ
勝	ショウ
勝	かつ
勝	まさる
掌	ショウ
晶	ショウ
焼	ショウ
焼	やく
焼	やける
焦	ショウ
焦	こげる
焦	こがす
焦	こがれる
焦	あせる
硝	ショウ
粧	ショウ
詔	ショウ
詔	みことのり
証	ショウ
象	ショウ
象	ゾウ
傷	ショウ
傷	きず
傷	いたむ
傷	いためる
奨	ショウ
照	ショウ
照	てる
照	てらす
照	てれる
詳	ショウ
詳	くわしい
彰	ショウ
障	ショウ
障	さわる
衝	ショウ
賞	ショウ
償	ショウ
償	つぐなう
礁	ショウ
鐘	ショウ
鐘	かね
上	ジョウ
上	ショウ
上	うえ
上	うわ
上	かみ
上	あげる
上	あがる
上	のぼる
上	のぼせる
上	のぼす
丈	ジョウ
丈	たけ
冗	ジョウ
条	ジョウ
状	ジョウ
乗	ジョウ
乗	のる
乗	のせる
城	ジョウ
城	しろ
浄	ジョウ
剰	ジョウ
常	ジョウ
常	つね
常	とこ
情	ジョウ
情	セイ
情	なさけ
場	ジョウ
場	ば
畳	ジョウ
畳	たたむ
畳	たたみ
蒸	ジョウ
蒸	むす
蒸	むれる
蒸	むらす
縄	ジョウ
縄	なわ
壌	ジョウ
嬢	ジョウ
錠	ジョウ
譲	ジョウ
譲	ゆずる
醸	ジョウ
醸	かもす
色	ショク
色	シキ
色	いろ
食	ショク
食	ジキ
食	くう
食	くらう
食	たべる
植	ショク
植	うえる
植	うわる
殖	ショク
殖	ふえる
殖	ふやす
飾	ショク
飾	かざる
触	ショク
触	ふれる
触	さわる
嘱	ショク
織	ショク
織	シキ
織	おる
職	ショク
辱	ジョク
辱	はずかしめる
心	シン
心	こころ
申	シン
申	もうす
伸	シン
伸	のびる
伸	のばす
臣	シン
臣	ジン
身	シン
身	み
辛	シン
辛	からい
侵	シン
侵	おかす
信	シン
津	シン
津	つ
神	シン
神	ジン
神	かみ
神	かん
神	こう
唇	シン
唇	くちびる
娠	シン
振	シン
振	ふる
振	ふるう
浸	シン
浸	ひたす
浸	ひたる
真	シン
真	ま
針	シン
針	はり
深	シン
深	ふかい
深	ふかまる
深	ふかめる
紳	シン
進	シン
進	すすむ
進	すすめる
森	シン
森	もり
診	シン
診	みる
寝	シン
寝	ねる
寝	ねかす
慎	シン
慎	つつしむ
新	シン
新	あたらしい
新	あらた
新	にい
審	シン
震	シン
震	ふるう
震	ふるえる
薪	シン
薪	たきぎ
親	シン
親	おや
親	したしい
親	したしむ
人	ジン
人	ニン
人	ひと
刃	ジン
刃	は
仁	ジン
仁	ニ
尽	ジン
尽	つくす
尽	つきる
尽	つかす
迅	ジン
甚	ジン
甚	はなはだ
甚	はなはだしい
陣	ジン
尋	ジン
尋	たずねる
図	ズ
図	ト
図	はかる
水	スイ
水	みず
吹	スイ
吹	ふく
垂	スイ
垂	たれる
垂	たらす
炊	スイ
炊	たく
帥	スイ
粋	スイ
衰	スイ
衰	おとろえる
推	スイ
推	おす
酔	スイ
酔	よう
遂	スイ
遂	とげる
睡	スイ
穂	スイ
穂	ほ
錘	スイ
錘	つむ
随	ズイ
髄	ズイ
枢	スウ
崇	スウ
数	スウ
数	ス
数	かず
数	かぞえる
据	すえる
据	すわる
杉	すぎ
寸	スン
畝	せ
畝	うね
瀬	せ
是	ゼ
井	セイ
井	ショウ
井	い
世	セイ
世	セ
世	よ
正	セイ
正	ショウ
正	ただしい
正	ただす
正	まさ
生	セイ
生	ショウ
生	いきる
生	いかす
生	いける
生	うまれる
生	うむ
生	おう
生	はえる
生	はやす
生	き
生	なま
成	セイ
成	ジョウ
成	なる
成	なす
西	セイ
西	サイ
西	にし
声	セイ
声	ショウ
声	こえ
声	こわ
制	セイ
姓	セイ
姓	ショウ
征	セイ
性	セイ
性	ショウ
青	セイ
青	ショウ
青	あお
青	あおい
斉	セイ
政	セイ
政	ショウ
政	まつりごと
星	セイ
星	ショウ
星	ほし
牲	セイ
省	セイ
省	ショウ
省	かえりみ省みる
省	る
省	はぶく
逝	セイ
逝	ゆく
清	セイ
清	ショウ
清	きよい
清	きよまる
清	きよめる
盛	セイ
盛	ジョウ
盛	もる
盛	さかる
盛	さかん
婿	セイ
婿	むこ
晴	セイ
晴	はれる
晴	はらす
勢	セイ
勢	いきおい
聖	セイ
誠	セイ
誠	まこと
精	セイ
精	ショウ
製	セイ
誓	セイ
誓	ちかう
静	セイ
静	ジョウ
静	しず
静	しずか
静	しずまる
静	しずめる
請	セイ
請	シン
請	こう
請	うける
整	セイ
整	ととのえる
整	ととのう
税	ゼイ
夕	セキ
夕	ゆう
斥	セキ
石	セキ
石	シャク
石	コク
石	いし
赤	セキ
赤	シャク
赤	あか
赤	あかい
赤	あからむ
赤	あからめる
昔	セキ
昔	シャク
昔	むかし
析	セキ
隻	セキ
席	セキ
惜	セキ
惜	おしい
惜	おしむ
責	セキ
責	せめる
跡	セキ
跡	あと
積	セキ
積	つむ
積	つもる
績	セキ
籍	セキ
切	セツ
切	サイ
切	きる
切	きれる
折	セツ
折	おる
折	おり
折	おれる
拙	セツ
窃	セツ
接	セツ
接	つぐ
設	セツ
設	もうける
雪	セツ
雪	ゆき
摂	セツ
節	セツ
節	セチ
節	ふし
説	セツ
説	ゼイ
説	とく
舌	ゼツ
舌	した
絶	ゼツ
絶	たえる
絶	たやす
絶	たつ
千	セン
千	ち
川	セン
川	かわ
仙	セン
占	セン
占	しめる
占	うらなう
先	セン
先	さき
宣	セン
専	セン
専	もっぱら
泉	セン
泉	いずみ
浅	セン
浅	あさい
洗	セン
洗	あらう
染	セン
染	そめる
染	そまる
染	しみる
染	しみ
扇	セン
扇	おうぎ
栓	セン
旋	セン
船	セン
船	ふね
船	ふな
戦	セン
戦	いくさ
戦	たたかう
践	セン
銭	セン
銭	ぜに
銑	セン
潜	セン
潜	ひそむ
潜	もぐる
線	セン
遷	セン
選	セン
選	えらぶ
薦	セン
薦	すすめる
繊	セン
鮮	セン
鮮	あざやか
全	ゼン
全	まったく
前	ゼン
前	まえ
善	ゼン
善	よい
然	ゼン
然	ネン
禅	ゼン
漸	ゼン
繕	ゼン
繕	つくろう
阻	ソ
阻	はばむ
祖	ソ
租	ソ
素	ソ
素	ス
措	ソ
粗	ソ
粗	あらい
組	ソ
組	くむ
組	くみ
疎	ソ
疎	うとい
疎	うとむ
訴	ソ
訴	うったえる
塑	ソ
礎	ソ
礎	いしずえ
双	ソウ
双	ふた
壮	ソウ
早	ソウ
早	サッ
早	はやい
早	はやまる
早	はやめる
争	ソウ
争	あらそう
走	ソウ
走	はしる
奏	ソウ
奏	かなでる
相	ソウ
相	ショウ
相	あい
荘	ソウ
草	ソウ
草	くさ
送	ソウ
送	おくる
倉	ソウ
倉	くら
捜	ソウ
捜	さがす
挿	ソウ
挿	さす
桑	ソウ
桑	くわ
掃	ソウ
掃	はく
曹	ソウ
巣	ソウ
巣	す
窓	ソウ
窓	まど
創	ソウ
喪	ソウ
喪	も
葬	ソウ
葬	ほうむる
装	ソウ
装	ショウ
装	よそおう
僧	ソウ
想	ソウ
想	ソ
層	ソウ
総	ソウ
遭	ソウ
遭	あう
槽	ソウ
操	ソウ
操	みさお
操	あやつる
燥	ソウ
霜	ソウ
霜	しも
騒	ソウ
騒	さわぐ
藻	ソウ
藻	も
造	ゾウ
造	つくる
像	ゾウ
増	ゾウ
増	ます
増	ふえる
増	ふやす
憎	ゾウ
憎	にくむ
憎	にくい
憎	にくらしい
憎	にくしみ
蔵	ゾウ
蔵	くら
贈	ゾウ
贈	ソウ
贈	おくる
臓	ゾウ
即	ソク
束	ソク
束	たば
足	ソク
足	あし
足	たりる
足	たる
足	たす
促	ソク
促	うながす
則	ソク
息	ソク
息	いき
速	ソク
速	はやい
速	はやめる
速	すみやか
側	ソク
側	かわ
測	ソク
測	はかる
俗	ゾク
族	ゾク
属	ゾク
賊	ゾク
続	ゾク
続	つづく
続	つづける
卒	ソツ
率	ソツ
率	リツ
率	ひきいる
存	ソン
存	ゾン
村	ソン
村	むら
孫	ソン
孫	まご
尊	ソン
尊	たっとい
尊	とうとい
尊	たっとぶ
尊	とうとぶ
損	ソン
損	そこなう
損	そこねる
他	タ
多	タ
多	おおい
打	ダ
打	うつ
妥	ダ
堕	ダ
惰	ダ
駄	ダ
太	タイ
太	タ
太	ふとい
太	ふとる
対	タイ
対	ツイ
体	タイ
体	テイ
体	からだ
耐	タイ
耐	たえる
待	タイ
待	まつ
怠	タイ
怠	おこたる
怠	なまける
胎	タイ
退	タイ
退	しりぞく
退	しりぞける
帯	タイ
帯	おびる
帯	おび
泰	タイ
袋	タイ
袋	ふくろ
逮	タイ
替	タイ
替	かえる
替	かわる
貸	タイ
貸	かす
隊	タイ
滞	タイ
滞	とどこおる
態	タイ
大	ダイ
大	タイ
大	おお
大	おおきい
大	おおいに
代	ダイ
代	タイ
代	かわる
代	かえる
代	よ
代	しろ
台	ダイ
台	タイ
第	ダイ
題	ダイ
滝	たき
宅	タク
択	タク
沢	タク
沢	さわ
卓	タク
拓	タク
託	タク
濯	タク
諾	ダク
濁	ダク
濁	にごる
濁	にごす
但	ただし
達	タツ
脱	ダツ
脱	ぬぐ
脱	ぬげる
奪	ダツ
奪	うばう
棚	たな
丹	タン
担	タン
担	かつぐ
担	になう
単	タン
炭	タン
炭	すみ
胆	タン
探	タン
探	さぐる
探	さがす
淡	タン
淡	あわい
短	タン
短	みじかい
嘆	タン
嘆	なげく
嘆	なげかわしい
端	タン
端	はし
端	は
端	はた
誕	タン
鍛	タン
鍛	きたえる
団	ダン
団	トン
男	ダン
男	ナン
男	おとこ
段	ダン
断	ダン
断	たつ
断	ことわる
弾	ダン
弾	ひく
弾	はずむ
弾	たま
暖	ダン
暖	あたたか
暖	あたたかい
暖	あたたまる
暖	あたためる
談	ダン
壇	ダン
壇	タン
地	チ
地	ジ
池	チ
池	いけ
知	チ
知	しる
値	チ
値	ね
値	あたい
恥	チ
恥	はじる
恥	はじ
恥	はじらう
恥	はずかしい
致	チ
致	いたす
遅	チ
遅	おくれる
遅	おくらす
遅	おそい
痴	チ
稚	チ
置	チ
置	おく
竹	チク
竹	たけ
畜	チク
逐	チク
蓄	チク
蓄	たくわえる
築	チク
築	きずく
秩	チツ
窒	チツ
茶	チャ
茶	サ
着	チャク
着	ジャク
着	きる
着	きせる
着	つく
着	つける
嫡	チャク
中	チュウ
中	なか
仲	チュウ
仲	なか
虫	チュウ
虫	むし
沖	チュウ
沖	おき
宙	チュウ
忠	チュウ
抽	チュウ
注	チュウ
注	そそぐ
昼	チュウ
昼	ひる
柱	チュウ
柱	はしら
衷	チュウ
鋳	チュウ
鋳	いる
駐	チュウ
著	チョ
著	あらわす
著	いちじるしい
貯	チョ
丁	チョウ
丁	テイ
弔	チョウ
弔	とむらう
庁	チョウ
兆	チョウ
兆	きざす
兆	きざし
町	チョウ
町	まち
長	チョウ
長	ながい
挑	チョウ
挑	いどむ
帳	チョウ
張	チョウ
張	はる
彫	チョウ
彫	ほる
眺	チョウ
眺	ながめる
釣	チョウ
釣	つる
頂	チョウ
頂	いただく
頂	いただき
鳥	チョウ
鳥	とり
朝	チョウ
朝	あさ
脹	チョウ
超	チョウ
超	こえる
超	こす
腸	チョウ
跳	チョウ
跳	はねる
跳	とぶ
徴	チョウ
潮	チョウ
潮	しお
澄	チョウ
澄	すむ
澄	すます
調	チョウ
調	しらべる
調	ととのう
調	ととのえる
聴	チョウ
聴	きく
懲	チョウ
懲	こりる
懲	こらす
懲	こらしめる
直	チョク
直	ジキ
直	ただちに
直	なおす
直	なおる
勅	チョク
沈	チン
沈	しずむ
沈	しずめる
珍	チン
珍	めずらしい
朕	チン
陳	チン
賃	チン
鎮	チン
鎮	しずめる
鎮	しずまる
追	ツイ
追	おう
墜	ツイ
通	ツウ
通	ツ
通	とおる
通	とおす
通	かよう
痛	ツウ
痛	いたい
痛	いたむ
痛	いためる
塚	つか
漬	つける
漬	つかる
坪	つぼ
低	テイ
低	ひくい
低	ひくめる
低	ひくまる
呈	テイ
廷	テイ
弟	テイ
弟	ダイ
弟	デ
弟	おとうと
定	テイ
定	ジョウ
定	さだめる
定	さだまる
定	さだか
底	テイ
底	そこ
抵	テイ
邸	テイ
亭	テイ
貞	テイ
帝	テイ
訂	テイ
庭	テイ
庭	にわ
逓	テイ
停	テイ
偵	テイ
堤	テイ
堤	つつみ
提	テイ
提	さげる
程	テイ
程	ほど
艇	テイ
締	テイ
締	しまる
締	しめる
泥	デイ
泥	どろ
的	テキ
的	まと
笛	テキ
笛	ふえ
摘	テキ
摘	つむ
滴	テキ
滴	しずく
滴	したたる
適	テキ
敵	テキ
敵	かたき
迭	テツ
哲	テツ
鉄	テツ
徹	テツ
撤	テツ
天	テン
天	あめ
天	あま
典	テン
店	テン
店	みせ
点	テン
展	テン
添	テン
添	そえる
添	そう
転	テン
転	ころがる
転	ころげる
転	ころがす
転	ころぶ
田	デン
田	た
伝	デン
伝	つたわる
伝	つたえる
伝	つたう
殿	デン
殿	テン
殿	との
殿	どの
電	デン
斗	ト
吐	ト
吐	はく
徒	ト
途	ト
都	ト
都	ツ
都	みやこ
渡	ト
渡	わたる
渡	わたす
塗	ト
塗	ぬる
土	ド
土	ト
土	つち
奴	ド
努	ド
努	つとめる
度	ド
度	ト
度	タク
度	たび
怒	ド
怒	いかる
怒	おこる
刀	トウ
刀	かたな
冬	トウ
冬	ふゆ
灯	トウ
灯	ひ
当	トウ
当	あたる
当	あてる
投	トウ
投	なげる
豆	トウ
豆	ズ
豆	まめ
東	トウ
東	ひがし
到	トウ
逃	トウ
逃	にげる
逃	にがす
逃	のがす
逃	のがれる
倒	トウ
倒	たおれる
倒	たおす
凍	トウ
凍	こおる
凍	こごえる
唐	トウ
唐	から
島	トウ
島	しま
桃	トウ
桃	もも
討	トウ
討	うつ
透	トウ
透	すく
透	すかす
透	すける
党	トウ
悼	トウ
悼	いたむ
盗	トウ
盗	ぬすむ
陶	トウ
塔	トウ
搭	トウ
棟	トウ
棟	むね
棟	むな
湯	トウ
湯	ゆ
痘	トウ
登	トウ
登	ト
登	のぼる
答	トウ
答	こたえる
答	こたえ
等	トウ
等	ひとしい
筒	トウ
筒	つつ
統	トウ
統	すべる
稲	トウ
稲	いね
稲	いな
踏	トウ
踏	ふむ
踏	ふまえる
糖	トウ
頭	トウ
頭	ズ
頭	ト
頭	あたま
頭	かしら
謄	トウ
闘	トウ
闘	たたかう
騰	トウ
同	ドウ
同	おなじ
洞	ドウ
洞	ほら
胴	ドウ
動	ドウ
動	うごく
動	うごかす
堂	ドウ
童	ドウ
童	わらべ
道	ドウ
道	トウ
道	みち
働	ドウ
働	はたらく
銅	ドウ
導	ドウ
導	みちびく
峠	とうげ
匿	トク
特	トク
得	トク
得	える
得	うる
督	トク
徳	トク
篤	トク
毒	ドク
独	ドク
独	ひとり
読	ドク
読	トク
読	トウ
読	よむ
凸	トツ
突	トツ
突	つく
届	とどける
届	とどく
屯	トン
豚	トン
豚	ぶた
鈍	ドン
鈍	にぶい
鈍	にぶる
曇	ドン
曇	くもる
内	ナイ
内	ダイ
内	うち
南	ナン
南	ナ
南	みなみ
軟	ナン
軟	やわらか
軟	やわらかい
難	ナン
難	かたい
難	むずかしい
二	ニ
二	ふた
二	ふたつ
尼	ニ
尼	あま
弐	ニ
肉	ニク
日	ニチ
日	ジツ
日	ひ
日	か
入	ニュウ
入	いる
入	いれる
入	はいる
乳	ニュウ
乳	ちち
乳	ち
尿	ニョウ
任	ニン
任	まかせる
任	まかす
妊	ニン
忍	ニン
忍	しのぶ
忍	しのばせる
認	ニン
認	みとめる
寧	ネイ
熱	ネツ
熱	あつい
年	ネン
年	とし
念	ネン
粘	ネン
粘	ねばる
燃	ネン
燃	もえる
燃	もやす
燃	もす
悩	ノウ
悩	なやむ
悩	なやます
納	ノウ
納	ナッ
納	ナ
納	ナン
納	トウ
納	おさめる
納	おさまる
能	ノウ
脳	ノウ
農	ノウ
濃	ノウ
濃	こい
把	ハ
波	ハ
波	なみ
派	ハ
破	ハ
破	やぶる
破	やぶれる
覇	ハ
馬	バ
馬	うま
馬	ま
婆	バ
拝	ハイ
拝	おがむ
杯	ハイ
杯	さかずき
背	ハイ
背	せ
背	せい
背	そむく
背	そむける
肺	ハイ
俳	ハイ
配	ハイ
配	くばる
排	ハイ
敗	ハイ
敗	やぶれる
廃	ハイ
廃	すたれる
廃	すたる
輩	ハイ
売	バイ
売	うる
売	うれる
倍	バイ
梅	バイ
梅	うめ
培	バイ
培	つちかう
陪	バイ
媒	バイ
買	バイ
買	かう
賠	バイ
白	ハク
白	ビャク
白	しろ
白	しら
白	しろい
伯	ハク
拍	ハク
拍	ヒョウ
泊	ハク
泊	とまる
泊	とめる
迫	ハク
迫	せまる
舶	ハク
博	ハク
博	バク
薄	ハク
薄	うすい
薄	うすめる
薄	うすまる
薄	うすらぐ
薄	うすれる
麦	バク
麦	むぎ
漠	バク
縛	バク
縛	しばる
爆	バク
箱	はこ
畑	はた
畑	はたけ
肌	はだ
八	ハチ
八	や
八	やつ
八	やっつ
八	よう
鉢	ハチ
鉢	ハツ
発	ハツ
発	ホツ
髪	ハツ
髪	かみ
伐	バツ
抜	バツ
抜	ぬく
抜	ぬける
抜	ぬかす
抜	ぬかる
罰	バツ
罰	バチ
閥	バツ
反	ハン
反	ホン
反	タン
反	そる
反	そらす
半	ハン
半	なかば
犯	ハン
犯	おかす
帆	ハン
帆	ほ
伴	ハン
伴	バン
伴	ともなう
判	ハン
判	バン
坂	ハン
坂	さか
板	ハン
板	バン
板	いた
版	ハン
班	ハン
畔	ハン
般	ハン
販	ハン
飯	ハン
飯	めし
搬	ハン
煩	ハン
煩	ボン
煩	わずらう
煩	わずらわす
頒	ハン
範	ハン
繁	ハン
藩	ハン
晩	バン
番	バン
蛮	バン
盤	バン
比	ヒ
比	くらべる
皮	ヒ
皮	かわ
妃	ヒ
否	ヒ
否	いな
批	ヒ
彼	ヒ
彼	かれ
彼	かの
披	ヒ
肥	ヒ
肥	こえる
肥	こえ
肥	こやす
肥	こやし
非	ヒ
卑	ヒ
卑	いやしい
卑	いやしむ
卑	いやしめる
飛	ヒ
飛	とぶ
飛	とばす
疲	ヒ
疲	つかれる
疲	つからす
秘	ヒ
秘	ひめる
被	ヒ
被	こうむる
悲	ヒ
悲	かなしい
悲	かなしむ
扉	ヒ
扉	とびら
費	ヒ
費	ついやす
費	ついえる
碑	ヒ
罷	ヒ
避	ヒ
避	さける
尾	ビ
尾	お
美	ビ
美	うつくしい
備	ビ
備	そなえる
備	そなわる
微	び
鼻	ビ
鼻	はな
匹	ヒツ
匹	ひき
必	ヒツ
必	かならず
泌	ヒツ
泌	ヒ
筆	ヒツ
筆	ふで
姫	ひめ
百	ヒャク
氷	ヒョウ
氷	こおり
氷	ひ
表	ヒョウ
表	おもて
表	あらわす
表	あらわれる
俵	ヒョウ
俵	たわら
票	ヒョウ
評	ヒョウ
漂	ヒョウ
漂	ただよう
標	ヒョウ
苗	ビョウ
苗	なえ
苗	なわ
秒	ビョウ
病	ビョウ
病	ヘイ
病	やむ
病	やまい
描	ビョウ
描	えがく
猫	ビョウ
猫	ねこ
品	ヒン
品	しな
浜	ヒン
浜	はま
貧	ヒン
貧	ビン
貧	まずしい
賓	ヒン
頻	ヒン
敏	ビン
瓶	ビン
不	フ
不	ブ
夫	フ
夫	フウ
夫	おっと
父	フ
父	ちち
付	フ
付	つける
付	つく
布	フ
布	ぬの
扶	フ
府	フ
怖	フ
怖	こわい
附	フ
負	フ
負	まける
負	まかす
負	おう
赴	フ
赴	おもむく
浮	フ
浮	うく
浮	うかれる
浮	うかぶ
浮	うかべる
婦	フ
符	フ
富	フ
富	フウ
富	とむ
富	とみ
普	フ
腐	フ
腐	くさる
腐	くされる
腐	くさらす
敷	フ
敷	しく
膚	フ
賦	フ
譜	フ
侮	ブ
侮	あなどる
武	ブ
武	ム
部	ブ
舞	ブ
舞	まう
舞	まい
封	フウ
封	ホウ
風	フウ
風	フ
風	かぜ
風	かざ
伏	フク
伏	ふせる
伏	ふす
服	フク
副	フク
幅	フク
幅	はば
復	フク
福	フク
腹	フク
腹	はら
複	フク
覆	フク
覆	おおう
覆	くつがえす
覆	くつがえる
払	フツ
払	はらう
沸	フツ
沸	わく
沸	わかす
仏	ブツ
仏	ほとけ
物	ブツ
物	モツ
物	もの
粉	フン
粉	こ
粉	こな
紛	フン
紛	まぎれる
紛	まぎらす
紛	まぎらわす
紛	まぎらわしい
雰	フン
噴	フン
噴	ふく
墳	フン
憤	フン
憤	いきどおる
奮	フン
奮	ふるう
分	ブン
分	フン
分	ブ
分	わける
分	わかれる
分	わかる
分	わかつ
文	ブン
文	モン
文	ふみ
聞	ブン
聞	モン
聞	きく
聞	きこえる
丙	ヘイ
平	ヘイ
平	ビョウ
平	たいら
平	ひら
兵	ヘイ
兵	ヒョウ
併	ヘイ
併	あわせる
並	へイ
並	なみ
並	ならべる
並	ならぶ
並	ならびに
柄	ヘイ
柄	がら
柄	え
陛	へイ
閉	ヘイ
閉	とじる
閉	とざす
閉	しめる
閉	しまる
塀	ヘイ
幣	ヘイ
弊	ヘイ
米	ベイ
米	マイ
米	こめ
壁	ヘキ
壁	かべ
癖	ヘキ
癖	くせ
別	ベツ
別	わかれる
片	へン
片	かた
辺	ヘン
辺	あたり
辺	ベ
返	ヘン
返	かえす
返	かえる
変	ヘン
変	かわる
変	かえる
偏	ヘン
偏	かたよる
遍	へン
編	ヘン
編	あむ
弁	ベン
便	ベン
便	ビン
便	たより
勉	ベン
歩	ホ
歩	ブ
歩	フ
歩	あるく
歩	あゆむ
保	ホ
保	たもつ
捕	ホ
捕	とらえる
捕	とらわれる
捕	とる
捕	つかまえる
捕	つかまる
浦	ホ
浦	うら
補	ホ
補	おぎなう
舗	ホ
母	ボ
母	はは
募	ボ
募	つのる
墓	ボ
墓	はか
慕	ボ
慕	したう
暮	ボ
暮	くれる
暮	くらす
簿	ボ
方	ホウ
方	かた
包	ホウ
包	つつむ
芳	ホウ
芳	かんばしい
邦	ホウ
奉	ホウ
奉	ブ
奉	たてまつる
宝	ホウ
宝	たから
抱	ホウ
抱	だく
抱	いだく
抱	かかえる
放	ホウ
放	はなす
放	はなつ
放	はなれる
法	ホウ
法	ハッ
法	ホッ
泡	ホウ
泡	あわ
胞	ホウ
俸	ホウ
倣	ホウ
倣	ならう
峰	ホウ
峰	みね
砲	ホウ
崩	ホウ
崩	くずれる
崩	くずす
訪	ホウ
訪	おとずれる
訪	たずねる
報	ホウ
報	むくいる
豊	ホウ
豊	ゆたか
飽	ホウ
飽	あきる
飽	あかす
褒	ホウ
褒	ほめる
縫	ホウ
縫	ぬう
亡	ボウ
亡	モウ
亡	ない
乏	ボウ
乏	とぼしい
忙	ボウ
忙	いそがしい
坊	ボウ
坊	ボッ
妨	ボウ
妨	さまたげる
忘	ボウ
忘	わすれる
防	ボウ
防	ふせぐ
房	ボウ
房	ふさ
肪	ボウ
某	ボウ
冒	ボウ
冒	おかす
剖	ボウ
紡	ボウ
紡	つむぐ
望	ボウ
望	モウ
望	のぞむ
傍	ボウ
傍	かたわら
帽	ボウ
棒	ボウ
貿	ボウ
暴	ボウ
暴	バク
暴	あばく
暴	あばれる
膨	ボウ
膨	ふくらむ
膨	ふくれる
謀	ボウ
謀	ム
謀	はかる
北	ホク
北	きた
木	ボク
木	モク
木	き
木	こ
朴	ボク
牧	ボク
牧	まき
僕	ボク
墨	ボク
墨	すみ
撲	ボク
没	ボツ
堀	ほり
本	ホン
本	もと
奔	ホン
翻	ホン
翻	ひるがえる
翻	ひるがえす
凡	ボン
凡	ハン
盆	ボン
麻	マ
麻	あさ
摩	マ
磨	マ
磨	みがく
魔	マ
毎	マイ
妹	マイ
妹	いもうと
枚	マイ
埋	マイ
埋	うめる
埋	うまる
埋	うもれる
幕	マク
幕	バク
膜	マク
又	また
末	マツ
末	バツ
末	すえ
抹	マツ
万	マン
万	バン
満	マン
満	みちる
満	みたす
慢	マン
漫	マン
未	ミ
味	ミ
味	あじ
味	あじわう
魅	ミ
岬	みさき
密	ミツ
脈	ミャク
妙	ミョウ
民	ミン
民	たみ
眠	ミン
眠	ねむる
眠	ねむい
矛	ム
矛	ほこ
務	ム
務	つとめる
無	ム
無	ブ
無	ない
夢	ム
夢	ゆめ
霧	ム
霧	きり
娘	むすめ
名	メイ
名	ミョウ
名	な
命	メイ
命	ミョウ
命	いのち
明	メイ
明	ミョウ
明	あかり
明	あかるい
明	あかるむ
明	あからむ
明	あきらか
明	あける
明	あく
明	あくる
明	あかす
迷	メイ
迷	まよう
盟	メイ
銘	メイ
鳴	メイ
鳴	なく
鳴	なる
鳴	ならす
滅	メツ
滅	ほろびる
滅	ほろぼす
免	メン
免	まぬかれる
面	メン
面	おも
面	おもて
面	つら
綿	メン
綿	わた
茂	モ
茂	しげる
模	モ
模	ボ
毛	モウ
毛	け
妄	モウ
妄	ボウ
盲	モウ
耗	モウ
耗	コウ
猛	モウ
網	モウ
網	あみ
目	モク
目	ボク
目	め
目	ま
黙	モク
黙	だまる
門	モン
門	かど
紋	モン
問	モン
問	とう
問	とい
問	とん
匁	もんめ
夜	ヤ
夜	よ
夜	よる
野	ヤ
野	の
厄	ヤク
役	ヤク
役	エキ
約	ヤク
訳	ヤク
訳	わけ
薬	ヤク
薬	くすり
躍	ヤク
躍	おどる
由	ユ
由	ユウ
由	ユイ
由	よし
油	ユ
油	あぶら
愉	ユ
諭	ユ
諭	さとす
輸	ユ
癒	ユ
唯	ユイ
唯	イ
友	ユウ
友	とも
有	ユウ
有	ウ
有	ある
勇	ユウ
勇	いさむ
幽	ユウ
悠	ユウ
郵	ユウ
猶	ユウ
裕	ユウ
遊	ユウ
遊	ユ
遊	あそぶ
雄	ユウ
雄	お
雄	おす
誘	ユウ
誘	さそう
憂	ユウ
憂	うれえる
憂	うれい
憂	うい
融	ユウ
優	ユウ
優	やさしい
優	すぐれる
与	ヨ
与	あたえる
予	ヨ
余	ヨ
余	あまる
余	あます
誉	ヨ
誉	ほまれ
預	ヨ
預	あずける
預	あずかる
幼	ヨウ
幼	おさない
用	ヨウ
用	もちいる
羊	ヨウ
羊	ひつじ
洋	ヨウ
要	ヨウ
要	いる
容	ヨウ
庸	ヨウ
揚	ヨウ
揚	あげる
揚	あがる
揺	ヨウ
揺	ゆれる
揺	ゆる
揺	ゆらぐ
揺	ゆるぐ
揺	ゆする
揺	ゆさぶる
揺	ゆすぶる
葉	ヨウ
葉	は
陽	ヨウ
溶	ヨウ
溶	とける
溶	とかす
溶	とく
腰	ヨウ
腰	こし
様	ヨウ
様	さま
踊	ヨウ
踊	おどる
踊	おどり
窯	ヨウ
窯	かま
養	ヨウ
養	やしなう
擁	ヨウ
謡	ヨウ
謡	うたい
謡	うたう
曜	ヨウ
抑	ヨク
抑	おさえる
浴	ヨク
浴	あびる
浴	あびせる
欲	ヨク
欲	ほっする
欲	ほしい
翌	ヨク
翼	ヨク
翼	つばさ
裸	ラ
裸	はだか
羅	ラ
来	ライ
来	くる
来	きたる
来	きたす
雷	ライ
雷	かみなり
頼	ライ
頼	たのむ
頼	たのもしい
頼	たよる
絡	ラク
絡	からむ
絡	からまる
落	ラク
落	おちる
落	おとす
酪	ラク
乱	ラン
乱	みだれる
乱	みだす
卵	ラン
卵	たまご
覧	ラン
濫	ラン
欄	ラン
吏	リ
利	リ
利	きく
里	リ
里	さと
理	リ
痢	リ
裏	リ
裏	うら
履	リ
履	はく
離	リ
離	はなれる
離	はなす
陸	リク
立	リツ
立	リュウ
立	たつ
立	たてる
律	リツ
律	リチ
略	リャク
柳	リュウ
柳	やなぎ
流	リュウ
流	ル
流	ながれる
流	ながす
留	リュウ
留	ル
留	とめる
留	とまる
竜	リュウ
竜	たつ
粒	リュウ
粒	つぶ
隆	リュウ
硫	リュウ
旅	リョ
旅	たび
虜	リョ
慮	リョ
了	リョウ
両	リョウ
良	リョウ
良	よい
料	リョウ
涼	リョウ
涼	すずしい
涼	すずむ
猟	リョウ
陵	リョウ
陵	みささぎ
量	リョウ
量	はかる
僚	リョウ
領	リョウ
寮	リョウ
療	リョウ
糧	リョウ
糧	ロウ
糧	かて
力	リョク
力	リキ
力	ちから
緑	リョク
緑	ロク
緑	みどり
林	リン
林	はやし
厘	リン
倫	リン
輪	リン
輪	わ
隣	リン
隣	となる
隣	となり
臨	リン
臨	のぞむ
涙	ルイ
涙	なみだ
累	ルイ
塁	ルイ
類	ルイ
令	レイ
礼	レイ
礼	ライ
冷	レイ
冷	つめたい
冷	ひえる
冷	ひや
冷	ひやす
冷	ひやかす
冷	さめる
冷	さます
励	レイ
励	はげむ
励	はげます
戻	レイ
戻	もどす
戻	もどる
例	レイ
例	たとえる
鈴	レイ
鈴	リン
鈴	すず
零	レイ
霊	レイ
霊	リョウ
霊	たま
隷	レイ
齢	レイ
麗	レイ
麗	うるわしい
暦	レキ
暦	こよみ
歴	レキ
列	レツ
劣	レツ
劣	おとる
烈	レツ
裂	レツ
裂	さく
裂	さける
恋	レン
恋	こう
恋	こい
恋	こいしい
連	レン
連	つらなる
連	つらねる
連	つれる
廉	レン
練	レン
練	ねる
錬	レン
炉	ロ
路	ロ
路	じ
露	ロ
露	ロウ
露	つゆ
老	ロウ
老	おいる
老	ふける
労	ロウ
郎	ロウ
朗	ロウ
朗	ほがらか
浪	ロウ
廊	ロウ
楼	ロウ
漏	ロウ
漏	もる
漏	もれる
漏	もらす
六	ロク
六	む
六	むつ
六	むっつ
六	むい
録	ロク
論	ロン
和	ワ
和	オ
和	やわらく
和	やわらげる
和	なごむ
和	なごやか
話	ワ
話	はなす
話	はなし
賄	ワイ
賄	まかなう
惑	ワク
惑	まどう
枠	わく
湾	ワン
腕	ワン
腕	うで
